seed,test_loss
1,0.06789892970323563
2,0.06586358921527863
3,0.06969241431951523
4,0.06911271508932114
5,0.06960616142749787
