trial,best_val_loss
0,0.07076344426870346
1,0.06872489197254181
