seed,test_loss
1,0.08448744525909424
2,0.08412042965888977
3,0.08402315708398819
4,0.08224352836608886
5,0.08651487970352173
