seed,test_loss
1,0.07079082955121994
2,0.06677726769447327
3,0.06777768893241883
4,0.06956242742538452
5,0.07223022178411484
