seed,test_loss
1,0.07752783383131027
2,0.07474173045158386
3,0.07461960113048553
4,0.0743371499300003
5,0.07479497063159943
