seed,test_loss
1,0.07817567040920258
2,0.07641848711967468
3,0.07660669493675232
4,0.07552677834033966
5,0.07782342419624329
