seed,test_loss
1,0.0702317878961563
2,0.07491250092983245
3,0.06883601570129394
4,0.07071577670574188
5,0.07283962604999543
