seed,test_loss
1,0.08733116456270218
2,0.08259925018548965
3,0.08672877383232117
4,0.0812172233581543
5,0.08592928647994995
