seed,test_loss
1,0.07630757063627243
2,0.07828691735267639
3,0.08031281609535218
4,0.07787153173685074
5,0.07479911714792252
