seed,test_loss
1,0.08625668826103211
2,0.08775578541755676
3,0.09241097514629364
4,0.0874345670223236
5,0.0890232129573822
