seed,test_loss
1,0.0813133980512619
2,0.08163681166172028
3,0.07884757735729217
4,0.07902412188053132
5,0.08010119543075561
