seed,test_loss
1,0.07668479068279266
2,0.07416844911575317
3,0.07399058673381806
4,0.07400166296958924
5,0.07527849082946778
