seed,test_loss
1,0.07091742043495178
2,0.07554308683872223
3,0.07027891924381256
4,0.0732240539908409
5,0.07443360179662704
