seed,test_loss
1,0.07308649308681488
2,0.07088208847045899
3,0.06985703752040863
4,0.07262077835798264
5,0.07139301189184188
