seed,test_loss
1,0.07624347723722458
2,0.08169130439758301
3,0.07246097800731659
4,0.07756165442466736
5,0.08225399358272552
