seed,test_loss
1,0.06695940775871277
2,0.06493292651176452
3,0.06735304554700851
4,0.06677351013422013
5,0.06748677359819412
