seed,test_loss
1,0.06698450810909272
2,0.06490743546485901
3,0.06737689841985703
4,0.06670363743305206
5,0.06747835483551025
