seed,test_loss
1,0.0804684400320053
2,0.08286401891708374
3,0.07292521396875382
4,0.07445787854194641
5,0.080918909907341
