seed,test_loss
1,0.07897533135414124
2,0.08215409789085389
3,0.08128140279054642
4,0.07574873098134995
5,0.07935618407726287
