seed,test_loss
1,0.08939292788505554
2,0.1013780960559845
3,0.09751053125858307
4,0.09688649225234985
5,0.10075372529029847
