seed,test_loss
1,0.06831461368799209
2,0.06903491718769074
3,0.0686657781124115
4,0.06962872383594514
5,0.07232610009908676
