seed,test_loss
1,0.08969583382606507
2,0.09068019704818725
3,0.08487039625644684
4,0.0902768543958664
5,0.08745928773880005
