seed,test_loss
1,0.07838706170320511
2,0.07420950593948364
3,0.07623237515687943
4,0.07484334223270417
5,0.0761856832742691
