seed,test_loss
1,0.06758174486160279
2,0.06724640353918075
3,0.0709011945605278
4,0.06814669398069381
5,0.06907548676729203
