seed,test_loss
1,0.07168427813053131
2,0.07527493653297425
3,0.07365784258842469
4,0.07227977069616318
5,0.07427747856378555
