seed,test_loss
1,0.07024207887649536
2,0.07157450073957443
3,0.07072125835418701
4,0.07160959534645081
5,0.07375147296190261
