seed,test_loss
1,0.07022961755990982
2,0.07150039563179016
3,0.07063804577589035
4,0.07156915667057037
5,0.07381995993852615
