seed,test_loss
1,0.08354728821516037
2,0.0876123007774353
3,0.09216496659517288
4,0.08743859241008758
5,0.08892793951034546
