seed,test_loss
1,0.07152097914218902
2,0.07506634101867676
3,0.06962022228240967
4,0.07154981957674027
5,0.07274487074613571
