seed,test_loss
1,0.07572325288057327
2,0.08023502583503724
3,0.07659462425708771
4,0.07888459737300872
5,0.07844676210880279
