seed,test_loss
1,0.08253548237085342
2,0.0782512417793274
3,0.08298925683498383
4,0.07564389116764068
5,0.08100151305198669
