architecture,mean,var,min,max
mlp_3x_252x32x16,0.08476113968372345,5.814857616808167e-06,0.0812172233581543,0.08733116456270218
mlp_3x_248x32x92,0.08018462087631226,1.3048798167679584e-06,0.07884757735729217,0.08163681166172028
mlp_3x_244x48x56,0.07759356551647187,2.31225865615531e-06,0.07609611189365387,0.08048441753387452
mlp_3x_216x120x84,0.07751559059381485,3.4769299545502497e-06,0.07479911714792252,0.08031281609535218
mlp_3x_188x192x112,0.07691021100044251,9.366292314157309e-07,0.07552677834033966,0.07817567040920258
mlp_3x_160x264x140,0.08008427704095841,7.673136409454217e-06,0.07564389116764068,0.08298925683498383
mlp_3x_160x204x224,0.07950314941883088,4.9171122760141005e-06,0.07574873098134995,0.08215409789085389
mlp_3x_120x204x408,0.08427788801431656,1.8552692430617182e-06,0.08224352836608886,0.08651487970352173
