seed,test_loss
1,0.07847454469203949
2,0.07287386833429337
3,0.07784969305992126
4,0.07861412553787231
5,0.07729699864387513
