seed,test_loss
1,0.08537049224376679
2,0.0887261709690094
3,0.0910415978193283
4,0.09061320042610169
5,0.08833767631053925
