seed,test_loss
1,0.068723561668396
2,0.07175378419160842
3,0.06777760236263275
4,0.06862316843271256
5,0.07038247842788696
