seed,test_loss
1,0.07991422823667527
2,0.07922559039592743
3,0.07417810449600219
4,0.07592683029174804
5,0.0830486867427826
