seed,test_loss
1,0.07749726111888885
2,0.07670901048183441
3,0.07718102655410766
4,0.08048441753387452
5,0.07609611189365387
