seed,test_loss
1,0.07750808749198913
2,0.0748056179523468
3,0.07553930096626282
4,0.07436650748252868
5,0.07548691518306733
