seed,test_loss
1,0.07002071603536605
2,0.06915921144485473
3,0.06782108359336853
4,0.07119010289907456
5,0.07015365686416626
