seed,test_loss
1,0.0692723319530487
2,0.07017665554285049
3,0.06756413522958755
4,0.06794043031930923
5,0.07022556036710739
