seed,test_loss
1,0.07129112309217453
2,0.07031943800449371
3,0.07143051030635834
4,0.07284002299308777
5,0.07576430752277374
