seed,test_loss
1,0.07127165186405182
2,0.07010143270492554
3,0.07143133409023285
4,0.07287115879058838
5,0.07577980625629425
