seed,test_loss
1,0.07857645694017411
2,0.07875878329277039
3,0.07971789693832397
4,0.07936095569133758
5,0.08207383307218552
