seed,test_loss
1,0.06943087762594223
2,0.06883230602741242
3,0.07175593268871307
4,0.07193503413200378
5,0.07209717215299606
