seed,test_loss
1,0.07060877895355225
2,0.08791624186038971
3,0.08341941614151001
4,0.08971797525882722
5,0.08683469240665435
