seed,test_loss
1,0.06808982934951782
2,0.06570959575176238
3,0.06860754052400589
4,0.06761505098342896
5,0.06787627376317978
