seed,test_loss
1,0.06789892970323563
2,0.06574007230997085
3,0.06982587240934372
4,0.06911271508932114
5,0.06831876440048218
