seed,test_loss
1,0.07308649308681488
2,0.07088208847045899
3,0.06985703752040863
4,0.07478821275234222
5,0.07388838934898377
