seed,test_loss
1,0.07289463893175126
2,0.0721609001994133
3,0.07016408128738404
4,0.07235212070941925
5,0.07302350037097931
