seed,test_loss
1,0.07165731786489486
2,0.06916460653543473
3,0.07012573671340942
4,0.07114125221967697
5,0.07106406584978103
