seed,test_loss
1,0.07860794883966446
2,0.07766848413944244
3,0.07212666246891021
4,0.07482371860742569
5,0.08020020067691803
