seed,test_loss
1,0.07417668652534484
2,0.0825656056880951
3,0.08174891765117645
4,0.07872738261222839
5,0.07441555626392364
