seed,test_loss
1,0.06725001635551453
2,0.06469949046373367
3,0.0683053260564804
4,0.0664823775291443
5,0.06782526004314422
